Date,Issuer,Card Name,Change Type,Description,Effective Date,Source,Verification,Status
2026-08-20,Axis Bank,Airtel Axis Bank Credit Card,Current Snapshot,Current terms captured; future change separated,20-Aug-2026,Official Axis KFS/T&Cs,Verified,Current
2026-08-20,Axis Bank,Axis Bank ACE Credit Card,Current Snapshot,Current terms captured; future change separated,20-Aug-2026,Official Axis KFS/T&Cs,Verified,Current
2026-08-20,Axis Bank,Axis Bank Atlas Credit Card,Current Snapshot,Current terms captured; future change separated,20-Aug-2026,Official Axis KFS/T&Cs,Verified,Current
2026-08-20,Axis Bank,AXIS BANK MAGNUS Credit Card,Current Snapshot,Current terms captured; future change separated,20-Aug-2026,Official Axis KFS + Magnus T&Cs,Verified,Current
2026-08-20,Axis Bank,Magnus Burgundy,Current Snapshot,Current terms captured; future change separated,20-Aug-2026,Official Axis KFS + Burgundy FAQ/T&Cs,Verified,Current
2026-08-20,Axis Bank,Axis Bank Reserve Credit Card,Current Snapshot,Fee fields verified; detailed rewards pending,20-Aug-2026,Official Axis KFS + MITC,Partial,Current
2026-08-20,Axis Bank,HORIZON Credit Card,Current Snapshot,Current terms captured; future change separated,20-Aug-2026,Official Axis KFS + Horizon T&Cs,Verified,Current
2026-08-20,Axis Bank,FLIPKART AXIS BANK Credit Card,Current Snapshot,Fee fields verified; detailed rewards pending,20-Aug-2026,Official Axis KFS + MITC,Partial,Current
2026-08-20,Axis Bank,Portfolio,Upcoming Change,Terms update flagged for 28-Aug-2026,28-Aug-2026,Official Axis sources,Verified,Upcoming
